{"car_x_percent": 0.0004172092013888889, "car_y_percent": 0.00033179012345679014}